State,PHN_code,PHN_name,Reporting_Year,Age_group,Registered_children,Fully_immunised,Not_fully_immunised,Percent_fully_immunised
NSW,PHN101,Central and Eastern Sydney,2016-17,1 year,18910,17565,1345,92.9
NSW,PHN102,Northern Sydney,2016-17,1 year,10599,9899,700,93.4
NSW,PHN103,Western Sydney,2016-17,1 year,14546,13458,1088,92.5
NSW,PHN104,Nepean Blue Mountains,2016-17,1 year,5256,4961,295,94.4
NSW,PHN105,South Western Sydney,2016-17,1 year,14268,13287,981,93.1
NSW,PHN106,South Eastern NSW,2016-17,1 year,6911,6571,340,95.1
NSW,PHN107,Western NSW,2016-17,1 year,4182,3987,195,95.3
NSW,PHN108,Hunter New England and Central Coast,2016-17,1 year,14997,14321,676,95.5
NSW,PHN109,North Coast,2016-17,1 year,5289,4766,523,90.1
NSW,PHN110,Murrumbidgee,2016-17,1 year,2963,2849,114,96.2
VIC,PHN201,North Western Melbourne,2016-17,1 year,24394,22687,1707,93.0
VIC,PHN202,Eastern Melbourne,2016-17,1 year,17338,16347,991,94.3
VIC,PHN203,South Eastern Melbourne,2016-17,1 year,19616,18405,1211,93.8
VIC,PHN204,Gippsland,2016-17,1 year,3186,3022,164,94.9
VIC/NSW,PHN205,Murray,2016-17,1 year,7177,6760,417,94.2
VIC,PHN206,Western Victoria,2016-17,1 year,7498,7131,367,95.1
QLD,PHN301,Brisbane North,2016-17,1 year,11895,11334,561,95.3
QLD,PHN302,Brisbane South,2016-17,1 year,15052,14179,873,94.2
QLD,PHN303,Gold Coast,2016-17,1 year,7139,6647,492,93.1
QLD,PHN304,Darling Downs and West Moreton,2016-17,1 year,7831,7419,412,94.7
QLD,PHN305,Western Queensland,2016-17,1 year,1031,991,40,96.1
QLD,PHN306,"Central Queensland, Wide Bay and Sunshine Coast",2016-17,1 year,9567,8895,672,93.0
QLD,PHN307,Northern Queensland,2016-17,1 year,9348,8836,512,94.5
SA,PHN401,Adelaide,2016-17,1 year,14577,13667,910,93.8
SA,PHN402,Country SA,2016-17,1 year,5272,5004,268,94.9
WA,PHN501,Perth North,2016-17,1 year,13846,12890,956,93.1
WA,PHN502,Perth South,2016-17,1 year,13645,12691,954,93.0
WA,PHN503,Country WA,2016-17,1 year,7176,6694,482,93.3
TAS,PHN601,Tasmania,2016-17,1 year,5739,5378,361,93.7
NT,PHN701,Northern Territory,2016-17,1 year,3761,3489,272,92.8
ACT,PHN801,Australian Capital Territory,2016-17,1 year,5721,5437,284,95.0
NSW,PHN101,Central and Eastern Sydney,2016-17,2 years,18441,16422,2019,89.1
NSW,PHN102,Northern Sydney,2016-17,2 years,11185,9958,1227,89.0
NSW,PHN103,Western Sydney,2016-17,2 years,14899,13213,1686,88.7
NSW,PHN104,Nepean Blue Mountains,2016-17,2 years,5205,4762,443,91.5
NSW,PHN105,South Western Sydney,2016-17,2 years,14433,12849,1584,89.0
NSW,PHN106,South Eastern NSW,2016-17,2 years,6960,6424,536,92.3
NSW,PHN107,Western NSW,2016-17,2 years,4198,3904,294,93.0
NSW,PHN108,Hunter New England and Central Coast,2016-17,2 years,15369,14324,1045,93.2
NSW,PHN109,North Coast,2016-17,2 years,5606,4928,678,87.9
NSW,PHN110,Murrumbidgee,2016-17,2 years,3011,2796,215,92.9
VIC,PHN201,North Western Melbourne,2016-17,2 years,24077,21723,2354,90.2
VIC,PHN202,Eastern Melbourne,2016-17,2 years,17890,16318,1572,91.2
VIC,PHN203,South Eastern Melbourne,2016-17,2 years,19475,17673,1802,90.7
VIC,PHN204,Gippsland,2016-17,2 years,3159,2956,203,93.6
VIC/NSW,PHN205,Murray,2016-17,2 years,7371,6769,602,91.8
VIC,PHN206,Western Victoria,2016-17,2 years,7650,7124,526,93.1
QLD,PHN301,Brisbane North,2016-17,2 years,11861,10959,902,92.4
QLD,PHN302,Brisbane South,2016-17,2 years,15381,14152,1229,92.0
QLD,PHN303,Gold Coast,2016-17,2 years,7304,6662,642,91.2
QLD,PHN304,Darling Downs and West Moreton,2016-17,2 years,7825,7248,577,92.6
QLD,PHN305,Western Queensland,2016-17,2 years,1097,1017,80,92.7
QLD,PHN306,"Central Queensland, Wide Bay and Sunshine Coast",2016-17,2 years,9772,8922,850,91.3
QLD,PHN307,Northern Queensland,2016-17,2 years,9545,8850,695,92.7
SA,PHN401,Adelaide,2016-17,2 years,14532,13177,1355,90.7
SA,PHN402,Country SA,2016-17,2 years,5409,4954,455,91.6
WA,PHN501,Perth North,2016-17,2 years,13754,12353,1401,89.8
WA,PHN502,Perth South,2016-17,2 years,13656,12213,1443,89.4
WA,PHN503,Country WA,2016-17,2 years,7344,6678,666,90.9
TAS,PHN601,Tasmania,2016-17,2 years,5868,5375,493,91.6
NT,PHN701,Northern Territory,2016-17,2 years,3727,3285,442,88.1
ACT,PHN801,Australian Capital Territory,2016-17,2 years,5761,5300,461,92.0
NSW,PHN101,Central and Eastern Sydney,2016-17,5 years,17535,16137,1398,92.0
NSW,PHN102,Northern Sydney,2016-17,5 years,11891,10834,1057,91.1
NSW,PHN103,Western Sydney,2016-17,5 years,15027,14012,1015,93.2
NSW,PHN104,Nepean Blue Mountains,2016-17,5 years,5327,5046,281,94.7
NSW,PHN105,South Western Sydney,2016-17,5 years,14740,13879,861,94.2
NSW,PHN106,South Eastern NSW,2016-17,5 years,7477,7103,374,95.0
NSW,PHN107,Western NSW,2016-17,5 years,4275,4105,170,96.0
NSW,PHN108,Hunter New England and Central Coast,2016-17,5 years,16478,15777,701,95.7
NSW,PHN109,North Coast,2016-17,5 years,6346,5747,599,90.6
NSW,PHN110,Murrumbidgee,2016-17,5 years,3165,3035,130,95.9
VIC,PHN201,North Western Melbourne,2016-17,5 years,22837,21356,1481,93.5
VIC,PHN202,Eastern Melbourne,2016-17,5 years,18287,17169,1118,93.9
VIC,PHN203,South Eastern Melbourne,2016-17,5 years,19479,18230,1249,93.6
VIC,PHN204,Gippsland,2016-17,5 years,3356,3212,144,95.7
VIC/NSW,PHN205,Murray,2016-17,5 years,7662,7296,366,95.2
VIC,PHN206,Western Victoria,2016-17,5 years,7814,7461,353,95.5
QLD,PHN301,Brisbane North,2016-17,5 years,12645,11918,727,94.3
QLD,PHN302,Brisbane South,2016-17,5 years,15500,14484,1016,93.4
QLD,PHN303,Gold Coast,2016-17,5 years,7577,6983,594,92.2
QLD,PHN304,Darling Downs and West Moreton,2016-17,5 years,8347,7916,431,94.8
QLD,PHN305,Western Queensland,2016-17,5 years,1082,1028,54,95.0
QLD,PHN306,"Central Queensland, Wide Bay and Sunshine Coast",2016-17,5 years,10614,9905,709,93.3
QLD,PHN307,Northern Queensland,2016-17,5 years,9808,9315,493,95.0
SA,PHN401,Adelaide,2016-17,5 years,14736,13762,974,93.4
SA,PHN402,Country SA,2016-17,5 years,5872,5508,364,93.8
WA,PHN501,Perth North,2016-17,5 years,13663,12424,1239,90.9
WA,PHN502,Perth South,2016-17,5 years,13617,12420,1197,91.2
WA,PHN503,Country WA,2016-17,5 years,7347,6890,457,93.8
TAS,PHN601,Tasmania,2016-17,5 years,6222,5849,373,94.0
NT,PHN701,Northern Territory,2016-17,5 years,3558,3311,247,93.1
ACT,PHN801,Australian Capital Territory,2016-17,5 years,5705,5358,347,93.9
NSW,PHN101,Central and Eastern Sydney,2015-16,1 year,19042,17603,1439,92.4
NSW,PHN102,Northern Sydney,2015-16,1 year,10918,10118,800,92.7
NSW,PHN103,Western Sydney,2015-16,1 year,14592,13348,1244,91.5
NSW,PHN104,Nepean Blue Mountains,2015-16,1 year,5075,4783,292,94.2
NSW,PHN105,South Western Sydney,2015-16,1 year,13927,12862,1065,92.4
NSW,PHN106,South Eastern NSW,2015-16,1 year,6746,6364,382,94.3
NSW,PHN107,Western NSW,2015-16,1 year,4192,3955,237,94.4
NSW,PHN108,Hunter New England and Central Coast,2015-16,1 year,15100,14325,775,94.9
NSW,PHN109,North Coast,2015-16,1 year,5400,4846,554,89.8
NSW,PHN110,Murrumbidgee,2015-16,1 year,2968,2820,148,95.0
VIC,PHN201,North Western Melbourne,2015-16,1 year,23607,21843,1764,92.5
VIC,PHN202,Eastern Melbourne,2015-16,1 year,17324,16164,1160,93.3
VIC,PHN203,South Eastern Melbourne,2015-16,1 year,19155,17741,1414,92.6
VIC,PHN204,Gippsland,2015-16,1 year,3087,2912,175,94.3
VIC/NSW,PHN205,Murray,2015-16,1 year,7197,6695,502,93.0
VIC,PHN206,Western Victoria,2015-16,1 year,7420,6975,445,94.0
QLD,PHN301,Brisbane North,2015-16,1 year,11665,10947,718,93.8
QLD,PHN302,Brisbane South,2015-16,1 year,15181,14130,1051,93.1
QLD,PHN303,Gold Coast,2015-16,1 year,7124,6620,504,92.9
QLD,PHN304,Darling Downs and West Moreton,2015-16,1 year,7718,7238,480,93.8
QLD,PHN305,Western Queensland,2015-16,1 year,1162,1085,77,93.3
QLD,PHN306,"Central Queensland, Wide Bay and Sunshine Coast",2015-16,1 year,9633,8915,718,92.5
QLD,PHN307,Northern Queensland,2015-16,1 year,9651,8975,676,93.0
SA,PHN401,Adelaide,2015-16,1 year,14485,13432,1053,92.7
SA,PHN402,Country SA,2015-16,1 year,5349,5012,337,93.7
WA,PHN501,Perth North,2015-16,1 year,13697,12687,1010,92.6
WA,PHN502,Perth South,2015-16,1 year,13498,12458,1040,92.3
WA,PHN503,Country WA,2015-16,1 year,7355,6843,512,93.0
TAS,PHN601,Tasmania,2015-16,1 year,5790,5414,376,93.5
NT,PHN701,Northern Territory,2015-16,1 year,3779,3516,263,93.0
ACT,PHN801,Australian Capital Territory,2015-16,1 year,5657,5343,314,94.4
NSW,PHN101,Central and Eastern Sydney,2015-16,2 years,18639,16738,1901,89.8
NSW,PHN102,Northern Sydney,2015-16,2 years,10805,9656,1149,89.4
NSW,PHN103,Western Sydney,2015-16,2 years,14789,13139,1650,88.8
NSW,PHN104,Nepean Blue Mountains,2015-16,2 years,5040,4601,439,91.3
NSW,PHN105,South Western Sydney,2015-16,2 years,14120,12732,1388,90.2
NSW,PHN106,South Eastern NSW,2015-16,2 years,6777,6257,520,92.3
NSW,PHN107,Western NSW,2015-16,2 years,4219,3901,318,92.5
NSW,PHN108,Hunter New England and Central Coast,2015-16,2 years,15462,14277,1185,92.3
NSW,PHN109,North Coast,2015-16,2 years,5647,4923,724,87.2
NSW,PHN110,Murrumbidgee,2015-16,2 years,2999,2794,205,93.2
VIC,PHN201,North Western Melbourne,2015-16,2 years,23209,20981,2228,90.4
VIC,PHN202,Eastern Melbourne,2015-16,2 years,17514,15965,1549,91.2
VIC,PHN203,South Eastern Melbourne,2015-16,2 years,18920,17114,1806,90.5
VIC,PHN204,Gippsland,2015-16,2 years,3176,2939,237,92.5
VIC/NSW,PHN205,Murray,2015-16,2 years,7354,6777,577,92.1
VIC,PHN206,Western Victoria,2015-16,2 years,7394,6847,547,92.6
QLD,PHN301,Brisbane North,2015-16,2 years,11980,11068,912,92.4
QLD,PHN302,Brisbane South,2015-16,2 years,15053,13814,1239,91.8
QLD,PHN303,Gold Coast,2015-16,2 years,7035,6293,742,89.5
QLD,PHN304,Darling Downs and West Moreton,2015-16,2 years,7910,7261,649,91.8
QLD,PHN305,Western Queensland,2015-16,2 years,1051,956,95,91.0
QLD,PHN306,"Central Queensland, Wide Bay and Sunshine Coast",2015-16,2 years,9885,8955,930,90.6
QLD,PHN307,Northern Queensland,2015-16,2 years,9424,8648,776,91.8
SA,PHN401,Adelaide,2015-16,2 years,14356,12980,1376,90.4
SA,PHN402,Country SA,2015-16,2 years,5613,5094,519,90.8
WA,PHN501,Perth North,2015-16,2 years,13439,12052,1387,89.7
WA,PHN502,Perth South,2015-16,2 years,13279,11789,1490,88.8
WA,PHN503,Country WA,2015-16,2 years,7242,6574,668,90.8
TAS,PHN601,Tasmania,2015-16,2 years,5953,5402,551,90.7
NT,PHN701,Northern Territory,2015-16,2 years,3549,3155,394,88.9
ACT,PHN801,Australian Capital Territory,2015-16,2 years,5679,5215,464,91.8
NSW,PHN101,Central and Eastern Sydney,2015-16,5 years,17488,16009,1479,91.5
NSW,PHN102,Northern Sydney,2015-16,5 years,11974,10936,1038,91.3
NSW,PHN103,Western Sydney,2015-16,5 years,14573,13556,1017,93.0
NSW,PHN104,Nepean Blue Mountains,2015-16,5 years,5197,4920,277,94.7
NSW,PHN105,South Western Sydney,2015-16,5 years,14263,13407,856,94.0
NSW,PHN106,South Eastern NSW,2015-16,5 years,7257,6874,383,94.7
NSW,PHN107,Western NSW,2015-16,5 years,4310,4144,166,96.1
NSW,PHN108,Hunter New England and Central Coast,2015-16,5 years,16065,15333,732,95.4
NSW,PHN109,North Coast,2015-16,5 years,6080,5491,589,90.3
NSW,PHN110,Murrumbidgee,2015-16,5 years,3202,3074,128,96.0
VIC,PHN201,North Western Melbourne,2015-16,5 years,21751,20280,1471,93.2
VIC,PHN202,Eastern Melbourne,2015-16,5 years,17699,16496,1203,93.2
VIC,PHN203,South Eastern Melbourne,2015-16,5 years,18832,17438,1394,92.6
VIC,PHN204,Gippsland,2015-16,5 years,3411,3239,172,94.9
VIC/NSW,PHN205,Murray,2015-16,5 years,7587,7143,444,94.2
VIC,PHN206,Western Victoria,2015-16,5 years,7610,7170,440,94.2
QLD,PHN301,Brisbane North,2015-16,5 years,12418,11541,877,92.9
QLD,PHN302,Brisbane South,2015-16,5 years,15441,14250,1191,92.3
QLD,PHN303,Gold Coast,2015-16,5 years,7287,6616,671,90.8
QLD,PHN304,Darling Downs and West Moreton,2015-16,5 years,8296,7795,501,94.0
QLD,PHN305,Western Queensland,2015-16,5 years,1057,997,60,94.4
QLD,PHN306,"Central Queensland, Wide Bay and Sunshine Coast",2015-16,5 years,10430,9552,878,91.6
QLD,PHN307,Northern Queensland,2015-16,5 years,10022,9433,589,94.1
SA,PHN401,Adelaide,2015-16,5 years,14342,13173,1169,91.9
SA,PHN402,Country SA,2015-16,5 years,5770,5389,381,93.4
WA,PHN501,Perth North,2015-16,5 years,13683,12396,1287,90.6
WA,PHN502,Perth South,2015-16,5 years,13246,12026,1220,90.8
WA,PHN503,Country WA,2015-16,5 years,7527,7046,481,93.6
TAS,PHN601,Tasmania,2015-16,5 years,6229,5841,388,93.8
NT,PHN701,Northern Territory,2015-16,5 years,3497,3214,283,91.9
ACT,PHN801,Australian Capital Territory,2015-16,5 years,5548,5188,360,93.5
NSW,PHN101,Central and Eastern Sydney,2014-15,1 year,19331,17646,1685,91.3
NSW,PHN102,Northern Sydney,2014-15,1 year,10627,9646,981,90.8
NSW,PHN103,Western Sydney,2014-15,1 year,14562,12899,1663,88.6
NSW,PHN104,Nepean Blue Mountains,2014-15,1 year,4944,4501,443,91.0
NSW,PHN105,South Western Sydney,2014-15,1 year,13844,12604,1240,91.0
NSW,PHN106,South Eastern NSW,2014-15,1 year,6674,6171,503,92.5
NSW,PHN107,Western NSW,2014-15,1 year,4261,3936,325,92.4
NSW,PHN108,Hunter New England and Central Coast,2014-15,1 year,15325,14260,1065,93.1
NSW,PHN109,North Coast,2014-15,1 year,5502,4822,680,87.7
NSW,PHN110,Murrumbidgee,2014-15,1 year,3004,2809,195,93.5
VIC,PHN201,North Western Melbourne,2014-15,1 year,23100,20941,2159,90.7
VIC,PHN202,Eastern Melbourne,2014-15,1 year,17170,15730,1440,91.6
VIC,PHN203,South Eastern Melbourne,2014-15,1 year,18637,16911,1726,90.7
VIC,PHN204,Gippsland,2014-15,1 year,3169,2924,245,92.3
VIC/NSW,PHN205,Murray,2014-15,1 year,7396,6770,626,91.5
VIC,PHN206,Western Victoria,2014-15,1 year,7292,6742,550,92.5
QLD,PHN301,Brisbane North,2014-15,1 year,12044,11153,891,92.6
QLD,PHN302,Brisbane South,2014-15,1 year,15061,13884,1177,92.2
QLD,PHN303,Gold Coast,2014-15,1 year,7086,6419,667,90.6
QLD,PHN304,Darling Downs and West Moreton,2014-15,1 year,7899,7305,594,92.5
QLD,PHN305,Western Queensland,2014-15,1 year,1116,1019,97,91.3
QLD,PHN306,"Central Queensland, Wide Bay and Sunshine Coast",2014-15,1 year,9968,9054,914,90.8
QLD,PHN307,Northern Queensland,2014-15,1 year,9773,8989,784,92.0
SA,PHN401,Adelaide,2014-15,1 year,14539,13227,1312,91.0
SA,PHN402,Country SA,2014-15,1 year,5565,5101,464,91.7
WA,PHN501,Perth North,2014-15,1 year,13406,12314,1092,91.9
WA,PHN502,Perth South,2014-15,1 year,13263,12026,1237,90.7
WA,PHN503,Country WA,2014-15,1 year,7365,6764,601,91.8
TAS,PHN601,Tasmania,2014-15,1 year,5971,5417,554,90.7
NT,PHN701,Northern Territory,2014-15,1 year,3795,3436,359,90.5
ACT,PHN801,Australian Capital Territory,2014-15,1 year,5654,5250,404,92.9
NSW,PHN101,Central and Eastern Sydney,2014-15,2 years,19217,16945,2272,88.2
NSW,PHN102,Northern Sydney,2014-15,2 years,11549,10122,1427,87.6
NSW,PHN103,Western Sydney,2014-15,2 years,14841,12984,1857,87.5
NSW,PHN104,Nepean Blue Mountains,2014-15,2 years,5166,4556,610,88.2
NSW,PHN105,South Western Sydney,2014-15,2 years,14192,12477,1715,87.9
NSW,PHN106,South Eastern NSW,2014-15,2 years,6963,6293,670,90.4
NSW,PHN107,Western NSW,2014-15,2 years,4264,3869,395,90.7
NSW,PHN108,Hunter New England and Central Coast,2014-15,2 years,15640,14283,1357,91.3
NSW,PHN109,North Coast,2014-15,2 years,5613,4865,748,86.7
NSW,PHN110,Murrumbidgee,2014-15,2 years,3060,2834,226,92.6
VIC,PHN201,North Western Melbourne,2014-15,2 years,23092,20560,2532,89.0
VIC,PHN202,Eastern Melbourne,2014-15,2 years,17607,15838,1769,90.0
VIC,PHN203,South Eastern Melbourne,2014-15,2 years,18913,16827,2086,89.0
VIC,PHN204,Gippsland,2014-15,2 years,3183,2907,276,91.3
VIC/NSW,PHN205,Murray,2014-15,2 years,7347,6614,733,90.0
VIC,PHN206,Western Victoria,2014-15,2 years,7420,6774,646,91.3
QLD,PHN301,Brisbane North,2014-15,2 years,11835,10814,1021,91.4
QLD,PHN302,Brisbane South,2014-15,2 years,15358,13868,1490,90.3
QLD,PHN303,Gold Coast,2014-15,2 years,7009,6211,798,88.6
QLD,PHN304,Darling Downs and West Moreton,2014-15,2 years,8110,7386,724,91.1
QLD,PHN305,Western Queensland,2014-15,2 years,1129,1021,108,90.5
QLD,PHN306,"Central Queensland, Wide Bay and Sunshine Coast",2014-15,2 years,9923,8884,1039,89.5
QLD,PHN307,Northern Queensland,2014-15,2 years,9825,8908,917,90.7
SA,PHN401,Adelaide,2014-15,2 years,14656,12865,1791,87.8
SA,PHN402,Country SA,2014-15,2 years,5562,4905,657,88.2
WA,PHN501,Perth North,2014-15,2 years,13625,11862,1763,87.1
WA,PHN502,Perth South,2014-15,2 years,13207,11534,1673,87.3
WA,PHN503,Country WA,2014-15,2 years,7449,6658,791,89.4
TAS,PHN601,Tasmania,2014-15,2 years,5889,5155,734,87.5
NT,PHN701,Northern Territory,2014-15,2 years,3600,3216,384,89.3
ACT,PHN801,Australian Capital Territory,2014-15,2 years,5525,5051,474,91.4
NSW,PHN101,Central and Eastern Sydney,2014-15,5 years,17558,15951,1607,90.8
NSW,PHN102,Northern Sydney,2014-15,5 years,12093,10936,1157,90.4
NSW,PHN103,Western Sydney,2014-15,5 years,14275,13190,1085,92.4
NSW,PHN104,Nepean Blue Mountains,2014-15,5 years,5191,4882,309,94.0
NSW,PHN105,South Western Sydney,2014-15,5 years,13954,13088,866,93.8
NSW,PHN106,South Eastern NSW,2014-15,5 years,7507,7019,488,93.5
NSW,PHN107,Western NSW,2014-15,5 years,4372,4180,192,95.6
NSW,PHN108,Hunter New England and Central Coast,2014-15,5 years,15952,15119,833,94.8
NSW,PHN109,North Coast,2014-15,5 years,6217,5545,672,89.2
NSW,PHN110,Murrumbidgee,2014-15,5 years,3293,3153,140,95.7
VIC,PHN201,North Western Melbourne,2014-15,5 years,21108,19533,1575,92.5
VIC,PHN202,Eastern Melbourne,2014-15,5 years,17799,16454,1345,92.4
VIC,PHN203,South Eastern Melbourne,2014-15,5 years,18818,17325,1493,92.1
VIC,PHN204,Gippsland,2014-15,5 years,3377,3158,219,93.5
VIC/NSW,PHN205,Murray,2014-15,5 years,7701,7198,503,93.5
VIC,PHN206,Western Victoria,2014-15,5 years,7923,7405,518,93.5
QLD,PHN301,Brisbane North,2014-15,5 years,12301,11446,855,93.0
QLD,PHN302,Brisbane South,2014-15,5 years,15449,14206,1243,92.0
QLD,PHN303,Gold Coast,2014-15,5 years,7397,6707,690,90.7
QLD,PHN304,Darling Downs and West Moreton,2014-15,5 years,8204,7658,546,93.3
QLD,PHN305,Western Queensland,2014-15,5 years,1116,1037,79,92.9
QLD,PHN306,"Central Queensland, Wide Bay and Sunshine Coast",2014-15,5 years,10781,9810,971,91.0
QLD,PHN307,Northern Queensland,2014-15,5 years,10004,9370,634,93.7
SA,PHN401,Adelaide,2014-15,5 years,14339,12982,1357,90.5
SA,PHN402,Country SA,2014-15,5 years,5951,5455,496,91.7
WA,PHN501,Perth North,2014-15,5 years,13640,12312,1328,90.3
WA,PHN502,Perth South,2014-15,5 years,12882,11600,1282,90.0
WA,PHN503,Country WA,2014-15,5 years,7700,7087,613,92.0
TAS,PHN601,Tasmania,2014-15,5 years,6385,5914,471,92.6
NT,PHN701,Northern Territory,2014-15,5 years,3516,3248,268,92.4
ACT,PHN801,Australian Capital Territory,2014-15,5 years,5558,5180,378,93.2
NSW,PHN101,Central and Eastern Sydney,2013-14,1 year,19956,17765,2191,89.0
NSW,PHN102,Northern Sydney,2013-14,1 year,11240,10076,1164,89.6
NSW,PHN103,Western Sydney,2013-14,1 year,14614,12999,1615,88.9
NSW,PHN104,Nepean Blue Mountains,2013-14,1 year,5040,4530,510,89.9
NSW,PHN105,South Western Sydney,2013-14,1 year,13870,12302,1568,88.7
NSW,PHN106,South Eastern NSW,2013-14,1 year,6828,6236,592,91.3
NSW,PHN107,Western NSW,2013-14,1 year,4310,3912,398,90.8
NSW,PHN108,Hunter New England and Central Coast,2013-14,1 year,15524,14235,1289,91.7
NSW,PHN109,North Coast,2013-14,1 year,5567,4805,762,86.3
NSW,PHN110,Murrumbidgee,2013-14,1 year,3023,2768,255,91.6
VIC,PHN201,North Western Melbourne,2013-14,1 year,23041,20793,2248,90.2
VIC,PHN202,Eastern Melbourne,2013-14,1 year,17270,15721,1549,91.0
VIC,PHN203,South Eastern Melbourne,2013-14,1 year,18686,16920,1766,90.6
VIC,PHN204,Gippsland,2013-14,1 year,3157,2894,263,91.7
VIC/NSW,PHN205,Murray,2013-14,1 year,7327,6668,659,91.0
VIC,PHN206,Western Victoria,2013-14,1 year,7398,6793,605,91.8
QLD,PHN301,Brisbane North,2013-14,1 year,11799,10917,882,92.5
QLD,PHN302,Brisbane South,2013-14,1 year,15355,14030,1325,91.4
QLD,PHN303,Gold Coast,2013-14,1 year,7020,6300,720,89.7
QLD,PHN304,Darling Downs and West Moreton,2013-14,1 year,8118,7458,660,91.9
QLD,PHN305,Western Queensland,2013-14,1 year,1192,1085,107,91.0
QLD,PHN306,"Central Queensland, Wide Bay and Sunshine Coast",2013-14,1 year,9872,8871,1001,89.9
QLD,PHN307,Northern Queensland,2013-14,1 year,10044,9169,875,91.3
SA,PHN401,Adelaide,2013-14,1 year,14729,13262,1467,90.0
SA,PHN402,Country SA,2013-14,1 year,5548,5017,531,90.4
WA,PHN501,Perth North,2013-14,1 year,13540,12230,1310,90.3
WA,PHN502,Perth South,2013-14,1 year,13086,11692,1394,89.3
WA,PHN503,Country WA,2013-14,1 year,7464,6798,666,91.1
TAS,PHN601,Tasmania,2013-14,1 year,5940,5334,606,89.8
NT,PHN701,Northern Territory,2013-14,1 year,3893,3536,357,90.8
ACT,PHN801,Australian Capital Territory,2013-14,1 year,5513,5128,385,93.0
NSW,PHN101,Central and Eastern Sydney,2013-14,2 years,18812,17060,1752,90.7
NSW,PHN102,Northern Sydney,2013-14,2 years,10983,9933,1050,90.4
NSW,PHN103,Western Sydney,2013-14,2 years,14405,13149,1256,91.3
NSW,PHN104,Nepean Blue Mountains,2013-14,2 years,5006,4664,342,93.2
NSW,PHN105,South Western Sydney,2013-14,2 years,13744,12587,1157,91.6
NSW,PHN106,South Eastern NSW,2013-14,2 years,6980,6491,489,93.0
NSW,PHN107,Western NSW,2013-14,2 years,4217,3977,240,94.3
NSW,PHN108,Hunter New England and Central Coast,2013-14,2 years,15768,14861,907,94.2
NSW,PHN109,North Coast,2013-14,2 years,5787,5099,688,88.1
NSW,PHN110,Murrumbidgee,2013-14,2 years,3013,2849,164,94.6
VIC,PHN201,North Western Melbourne,2013-14,2 years,21725,20002,1723,92.1
VIC,PHN202,Eastern Melbourne,2013-14,2 years,17094,15804,1290,92.5
VIC,PHN203,South Eastern Melbourne,2013-14,2 years,18290,16949,1341,92.7
VIC,PHN204,Gippsland,2013-14,2 years,3149,2972,177,94.4
VIC/NSW,PHN205,Murray,2013-14,2 years,7266,6797,469,93.5
VIC,PHN206,Western Victoria,2013-14,2 years,7336,6939,397,94.6
QLD,PHN301,Brisbane North,2013-14,2 years,11860,11113,747,93.7
QLD,PHN302,Brisbane South,2013-14,2 years,14917,13877,1040,93.0
QLD,PHN303,Gold Coast,2013-14,2 years,6888,6315,573,91.7
QLD,PHN304,Darling Downs and West Moreton,2013-14,2 years,7829,7315,514,93.4
QLD,PHN305,Western Queensland,2013-14,2 years,1204,1143,61,95.0
QLD,PHN306,"Central Queensland, Wide Bay and Sunshine Coast",2013-14,2 years,9847,9113,734,92.5
QLD,PHN307,Northern Queensland,2013-14,2 years,9902,9312,590,94.0
SA,PHN401,Adelaide,2013-14,2 years,14243,13096,1147,91.9
SA,PHN402,Country SA,2013-14,2 years,5638,5242,396,93.0
WA,PHN501,Perth North,2013-14,2 years,13236,12034,1202,90.9
WA,PHN502,Perth South,2013-14,2 years,12868,11548,1320,89.7
WA,PHN503,Country WA,2013-14,2 years,7300,6803,497,93.2
TAS,PHN601,Tasmania,2013-14,2 years,6108,5689,419,93.1
NT,PHN701,Northern Territory,2013-14,2 years,3743,3504,239,93.6
ACT,PHN801,Australian Capital Territory,2013-14,2 years,5446,5070,376,93.1
NSW,PHN101,Central and Eastern Sydney,2013-14,5 years,17400,15682,1718,90.1
NSW,PHN102,Northern Sydney,2013-14,5 years,11589,10420,1169,89.9
NSW,PHN103,Western Sydney,2013-14,5 years,13823,12742,1081,92.2
NSW,PHN104,Nepean Blue Mountains,2013-14,5 years,5107,4766,341,93.3
NSW,PHN105,South Western Sydney,2013-14,5 years,14015,13029,986,93.0
NSW,PHN106,South Eastern NSW,2013-14,5 years,7392,6944,448,93.9
NSW,PHN107,Western NSW,2013-14,5 years,4448,4195,253,94.3
NSW,PHN108,Hunter New England and Central Coast,2013-14,5 years,16131,15238,893,94.5
NSW,PHN109,North Coast,2013-14,5 years,6314,5603,711,88.7
NSW,PHN110,Murrumbidgee,2013-14,5 years,3288,3122,166,95.0
VIC,PHN201,North Western Melbourne,2013-14,5 years,20375,18841,1534,92.5
VIC,PHN202,Eastern Melbourne,2013-14,5 years,17527,16193,1334,92.4
VIC,PHN203,South Eastern Melbourne,2013-14,5 years,18337,16807,1530,91.7
VIC,PHN204,Gippsland,2013-14,5 years,3388,3166,222,93.4
VIC/NSW,PHN205,Murray,2013-14,5 years,7643,7125,518,93.2
VIC,PHN206,Western Victoria,2013-14,5 years,7835,7331,504,93.6
QLD,PHN301,Brisbane North,2013-14,5 years,12267,11377,890,92.7
QLD,PHN302,Brisbane South,2013-14,5 years,15167,13981,1186,92.2
QLD,PHN303,Gold Coast,2013-14,5 years,7233,6514,719,90.1
QLD,PHN304,Darling Downs and West Moreton,2013-14,5 years,8302,7739,563,93.2
QLD,PHN305,Western Queensland,2013-14,5 years,1198,1132,66,94.5
QLD,PHN306,"Central Queensland, Wide Bay and Sunshine Coast",2013-14,5 years,10820,9907,913,91.6
QLD,PHN307,Northern Queensland,2013-14,5 years,10187,9490,697,93.2
SA,PHN401,Adelaide,2013-14,5 years,14278,12911,1367,90.4
SA,PHN402,Country SA,2013-14,5 years,6080,5622,458,92.5
WA,PHN501,Perth North,2013-14,5 years,13490,12024,1466,89.1
WA,PHN502,Perth South,2013-14,5 years,12541,11146,1395,88.9
WA,PHN503,Country WA,2013-14,5 years,7570,6988,582,92.3
TAS,PHN601,Tasmania,2013-14,5 years,6520,6045,475,92.7
NT,PHN701,Northern Territory,2013-14,5 years,3524,3221,303,91.4
ACT,PHN801,Australian Capital Territory,2013-14,5 years,5158,4779,379,92.7
NSW,PHN101,Central and Eastern Sydney,2012-13,1 year,19371,17507,1864,90.4
NSW,PHN102,Northern Sydney,2012-13,1 year,10628,9616,1012,90.5
NSW,PHN103,Western Sydney,2012-13,1 year,14086,12723,1363,90.3
NSW,PHN104,Nepean Blue Mountains,2012-13,1 year,4923,4516,407,91.7
NSW,PHN105,South Western Sydney,2012-13,1 year,13482,12174,1308,90.3
NSW,PHN106,South Eastern NSW,2012-13,1 year,6811,6240,571,91.6
NSW,PHN107,Western NSW,2012-13,1 year,4225,3824,401,90.5
NSW,PHN108,Hunter New England and Central Coast,2012-13,1 year,15646,14565,1081,93.1
NSW,PHN109,North Coast,2012-13,1 year,5640,4856,784,86.1
NSW,PHN110,Murrumbidgee,2012-13,1 year,3020,2784,236,92.2
VIC,PHN201,North Western Melbourne,2012-13,1 year,21698,19750,1948,91.0
VIC,PHN202,Eastern Melbourne,2012-13,1 year,16706,15332,1374,91.8
VIC,PHN203,South Eastern Melbourne,2012-13,1 year,18133,16527,1606,91.1
VIC,PHN204,Gippsland,2012-13,1 year,3141,2919,222,92.9
VIC/NSW,PHN205,Murray,2012-13,1 year,7147,6579,568,92.0
VIC,PHN206,Western Victoria,2012-13,1 year,7304,6816,488,93.3
QLD,PHN301,Brisbane North,2012-13,1 year,11826,10983,843,92.9
QLD,PHN302,Brisbane South,2012-13,1 year,14850,13720,1130,92.4
QLD,PHN303,Gold Coast,2012-13,1 year,6870,6231,639,90.7
QLD,PHN304,Darling Downs and West Moreton,2012-13,1 year,7814,7177,637,91.8
QLD,PHN305,Western Queensland,2012-13,1 year,1227,1137,90,92.6
QLD,PHN306,"Central Queensland, Wide Bay and Sunshine Coast",2012-13,1 year,9763,8902,861,91.2
QLD,PHN307,Northern Queensland,2012-13,1 year,9957,9129,828,91.7
SA,PHN401,Adelaide,2012-13,1 year,14299,13027,1272,91.1
SA,PHN402,Country SA,2012-13,1 year,5612,5141,471,91.6
WA,PHN501,Perth North,2012-13,1 year,13007,11814,1193,90.8
WA,PHN502,Perth South,2012-13,1 year,12492,11153,1339,89.3
WA,PHN503,Country WA,2012-13,1 year,7236,6520,716,90.1
TAS,PHN601,Tasmania,2012-13,1 year,6105,5627,478,92.2
NT,PHN701,Northern Territory,2012-13,1 year,3867,3534,333,91.4
ACT,PHN801,Australian Capital Territory,2012-13,1 year,5381,4989,392,92.7
NSW,PHN101,Central and Eastern Sydney,2012-13,2 years,18749,17085,1664,91.1
NSW,PHN102,Northern Sydney,2012-13,2 years,10953,9965,988,91.0
NSW,PHN103,Western Sydney,2012-13,2 years,13863,12739,1124,91.9
NSW,PHN104,Nepean Blue Mountains,2012-13,2 years,4951,4605,346,93.0
NSW,PHN105,South Western Sydney,2012-13,2 years,13477,12441,1036,92.3
NSW,PHN106,South Eastern NSW,2012-13,2 years,6810,6383,427,93.7
NSW,PHN107,Western NSW,2012-13,2 years,4265,4018,247,94.2
NSW,PHN108,Hunter New England and Central Coast,2012-13,2 years,15456,14599,857,94.5
NSW,PHN109,North Coast,2012-13,2 years,5635,5016,619,89.0
NSW,PHN110,Murrumbidgee,2012-13,2 years,3096,2947,149,95.2
VIC,PHN201,North Western Melbourne,2012-13,2 years,20971,19423,1548,92.6
VIC,PHN202,Eastern Melbourne,2012-13,2 years,16663,15474,1189,92.9
VIC,PHN203,South Eastern Melbourne,2012-13,2 years,17989,16709,1280,92.9
VIC,PHN204,Gippsland,2012-13,2 years,3219,3072,147,95.4
VIC/NSW,PHN205,Murray,2012-13,2 years,7237,6787,450,93.8
VIC,PHN206,Western Victoria,2012-13,2 years,7250,6866,384,94.7
QLD,PHN301,Brisbane North,2012-13,2 years,11760,10935,825,93.0
QLD,PHN302,Brisbane South,2012-13,2 years,14916,13737,1179,92.1
QLD,PHN303,Gold Coast,2012-13,2 years,6736,6176,560,91.7
QLD,PHN304,Darling Downs and West Moreton,2012-13,2 years,7920,7357,563,92.9
QLD,PHN305,Western Queensland,2012-13,2 years,1213,1150,63,94.8
QLD,PHN306,"Central Queensland, Wide Bay and Sunshine Coast",2012-13,2 years,9701,8892,809,91.7
QLD,PHN307,Northern Queensland,2012-13,2 years,9952,9355,597,94.0
SA,PHN401,Adelaide,2012-13,2 years,14035,12941,1094,92.2
SA,PHN402,Country SA,2012-13,2 years,5491,5138,353,93.6
WA,PHN501,Perth North,2012-13,2 years,12955,11677,1278,90.1
WA,PHN502,Perth South,2012-13,2 years,12324,11088,1236,90.0
WA,PHN503,Country WA,2012-13,2 years,7380,6842,538,92.7
TAS,PHN601,Tasmania,2012-13,2 years,6092,5744,348,94.3
NT,PHN701,Northern Territory,2012-13,2 years,3687,3451,236,93.6
ACT,PHN801,Australian Capital Territory,2012-13,2 years,5318,4955,363,93.2
NSW,PHN101,Central and Eastern Sydney,2012-13,5 years,17168,15353,1815,89.4
NSW,PHN102,Northern Sydney,2012-13,5 years,11643,10362,1281,89.0
NSW,PHN103,Western Sydney,2012-13,5 years,13747,12604,1143,91.7
NSW,PHN104,Nepean Blue Mountains,2012-13,5 years,5109,4745,364,92.9
NSW,PHN105,South Western Sydney,2012-13,5 years,14128,13068,1060,92.5
NSW,PHN106,South Eastern NSW,2012-13,5 years,7393,6886,507,93.1
NSW,PHN107,Western NSW,2012-13,5 years,4342,4080,262,94.0
NSW,PHN108,Hunter New England and Central Coast,2012-13,5 years,16172,15184,988,93.9
NSW,PHN109,North Coast,2012-13,5 years,6223,5476,747,88.0
NSW,PHN110,Murrumbidgee,2012-13,5 years,3294,3085,209,93.7
VIC,PHN201,North Western Melbourne,2012-13,5 years,20013,18490,1523,92.4
VIC,PHN202,Eastern Melbourne,2012-13,5 years,17325,15949,1376,92.1
VIC,PHN203,South Eastern Melbourne,2012-13,5 years,18668,17201,1467,92.1
VIC,PHN204,Gippsland,2012-13,5 years,3441,3241,200,94.2
VIC/NSW,PHN205,Murray,2012-13,5 years,7712,7146,566,92.7
VIC,PHN206,Western Victoria,2012-13,5 years,7833,7344,489,93.8
QLD,PHN301,Brisbane North,2012-13,5 years,12305,11317,988,92.0
QLD,PHN302,Brisbane South,2012-13,5 years,14938,13587,1351,91.0
QLD,PHN303,Gold Coast,2012-13,5 years,6934,6190,744,89.3
QLD,PHN304,Darling Downs and West Moreton,2012-13,5 years,8115,7544,571,93.0
QLD,PHN305,Western Queensland,2012-13,5 years,1219,1123,96,92.2
QLD,PHN306,"Central Queensland, Wide Bay and Sunshine Coast",2012-13,5 years,10697,9710,987,90.8
QLD,PHN307,Northern Queensland,2012-13,5 years,10305,9551,754,92.7
SA,PHN401,Adelaide,2012-13,5 years,14117,12766,1351,90.4
SA,PHN402,Country SA,2012-13,5 years,6077,5588,489,92.0
WA,PHN501,Perth North,2012-13,5 years,13228,11795,1433,89.2
WA,PHN502,Perth South,2012-13,5 years,12447,11024,1423,88.6
WA,PHN503,Country WA,2012-13,5 years,7789,7107,682,91.2
TAS,PHN601,Tasmania,2012-13,5 years,6545,6081,464,92.9
NT,PHN701,Northern Territory,2012-13,5 years,3613,3283,330,90.9
ACT,PHN801,Australian Capital Territory,2012-13,5 years,5104,4710,394,92.3
